Unnamed: 0,index,ID,duration,start_seg,end_seg,wav,wav_format,wav_opts,spk_id,spk_id_format,spk_id_opts,wrd,wrd_format,wrd_opts,char,char_format,char_opts
42,2552,DennisHong_2011_451.47_454.94,3.47,451.47,454.94,./ressources/audio/TEDLIUM_release-3/legacy/train/sph/DennisHong_2011.sph,sph,,DennisHong_2011,string,,but sometimes i also do get i wouldn 't call it hate,string,,b u t _ s o m e t i m e s _ i _ a l s o _ d o _ g e t _ i _ w o u l d n _ ' t _ c a l l _ i t _ h a t e,string,
160,14817,DennisHong_2009X_837.14_850.11,12.97,837.14,850.11,./ressources/audio/TEDLIUM_release-3/legacy/train/sph/DennisHong_2009X.sph,sph,,DennisHong_2009X,string,,this is important because many times students they fear or they feel uncomfortable how others might think about their opinions and thoughts so once you do this it is amazing how the students open up they have these wacky cool crazy,string,,t h i s _ i s _ i m p o r t a n t _ b e c a u s e _ m a n y _ t i m e s _ s t u d e n t s _ t h e y _ f e a r _ o r _ t h e y _ f e e l _ u n c o m f o r t a b l e _ h o w _ o t h e r s _ m i g h t _ t h i n k _ a b o u t _ t h e i r _ o p i n i o n s _ a n d _ t h o u g h t s _ s o _ o n c e _ y o u _ d o _ t h i s _ i t _ i s _ a m a z i n g _ h o w _ t h e _ s t u d e n t s _ o p e n _ u p _ t h e y _ h a v e _ t h e s e _ w a c k y _ c o o l _ c r a z y,string,
166,14823,DennisHong_2009X_876.9_887.17,10.27,876.9,887.17,./ressources/audio/TEDLIUM_release-3/legacy/train/sph/DennisHong_2009X.sph,sph,,DennisHong_2009X,string,, there is only so much one can do with just ingenious ideas and creativity and good engineering intuition if you want to go beyond a tinkering if you want to go beyond ,string,,_ t h e r e _ i s _ o n l y _ s o _ m u c h _ o n e _ c a n _ d o _ w i t h _ j u s t _ i n g e n i o u s _ i d e a s _ a n d _ c r e a t i v i t y _ a n d _ g o o d _ e n g i n e e r i n g _ i n t u i t i o n _ i f _ y o u _ w a n t _ t o _ g o _ b e y o n d _ a _ t i n k e r i n g _ i f _ y o u _ w a n t _ t o _ g o _ b e y o n d _,string,
53,2563,DennisHong_2011_525.64_527.76,2.12,525.64,527.76,./ressources/audio/TEDLIUM_release-3/legacy/train/sph/DennisHong_2011.sph,sph,,DennisHong_2011,string,, is just the beginning thank you very much,string,,_ i s _ j u s t _ t h e _ b e g i n n i n g _ t h a n k _ y o u _ v e r y _ m u c h,string,
135,14792,DennisHong_2009X_636.81_637.81,1.0,636.81,637.81,./ressources/audio/TEDLIUM_release-3/legacy/train/sph/DennisHong_2009X.sph,sph,,DennisHong_2009X,string,,in austria,string,,i n _ a u s t r i a,string,
60,14717,DennisHong_2009X_54.99_56.48,1.49,54.99,56.48,./ressources/audio/TEDLIUM_release-3/legacy/train/sph/DennisHong_2009X.sph,sph,,DennisHong_2009X,string,, you how the robot works ,string,,_ y o u _ h o w _ t h e _ r o b o t _ w o r k s _,string,
55,14712,DennisHong_2009X_15.56_24.26,8.7,15.56,24.26,./ressources/audio/TEDLIUM_release-3/legacy/train/sph/DennisHong_2009X.sph,sph,,DennisHong_2009X,string,,it stands for self excited tripedal dynamic experimental robot it 's a robot that has three legs which is inspired by nature ,string,,i t _ s t a n d s _ f o r _ s e l f _ e x c i t e d _ t r i p e d a l _ d y n a m i c _ e x p e r i m e n t a l _ r o b o t _ i t _ ' s _ a _ r o b o t _ t h a t _ h a s _ t h r e e _ l e g s _ w h i c h _ i s _ i n s p i r e d _ b y _ n a t u r e _,string,
119,14776,DennisHong_2009X_491.65_498,6.35,491.65,498.0,./ressources/audio/TEDLIUM_release-3/legacy/train/sph/DennisHong_2009X.sph,sph,,DennisHong_2009X,string,,operate this complex arm  in this case it 's very intuitive this student probably his first time using it doing very complex,string,,o p e r a t e _ t h i s _ c o m p l e x _ a r m _ _ i n _ t h i s _ c a s e _ i t _ ' s _ v e r y _ i n t u i t i v e _ t h i s _ s t u d e n t _ p r o b a b l y _ h i s _ f i r s t _ t i m e _ u s i n g _ i t _ d o i n g _ v e r y _ c o m p l e x,string,
112,14769,DennisHong_2009X_430.74_440.86,10.12,430.74,440.86,./ressources/audio/TEDLIUM_release-3/legacy/train/sph/DennisHong_2009X.sph,sph,,DennisHong_2009X,string,,tackle this problem in a very different direction  instead of using electrical motors electromechanical actuators  we 're using compressed air we developed these novel actuators for joints it is ,string,,t a c k l e _ t h i s _ p r o b l e m _ i n _ a _ v e r y _ d i f f e r e n t _ d i r e c t i o n _ _ i n s t e a d _ o f _ u s i n g _ e l e c t r i c a l _ m o t o r s _ e l e c t r o m e c h a n i c a l _ a c t u a t o r s _ _ w e _ ' r e _ u s i n g _ c o m p r e s s e d _ a i r _ w e _ d e v e l o p e d _ t h e s e _ n o v e l _ a c t u a t o r s _ f o r _ j o i n t s _ i t _ i s _,string,
145,14802,DennisHong_2009X_729.93_730.98,1.05,729.93,730.98,./ressources/audio/TEDLIUM_release-3/legacy/train/sph/DennisHong_2009X.sph,sph,,DennisHong_2009X,string,, other,string,,_ o t h e r,string,
10,2520,DennisHong_2011_100.91_111.03,10.12,100.91,111.03,./ressources/audio/TEDLIUM_release-3/legacy/train/sph/DennisHong_2011.sph,sph,,DennisHong_2011,string,, but the problem with this car was it was designed to only be driven in a very controlled environment in a flat closed off parking lot even the lanes defined by red traffic cones  so with this success ,string,,_ b u t _ t h e _ p r o b l e m _ w i t h _ t h i s _ c a r _ w a s _ i t _ w a s _ d e s i g n e d _ t o _ o n l y _ b e _ d r i v e n _ i n _ a _ v e r y _ c o n t r o l l e d _ e n v i r o n m e n t _ i n _ a _ f l a t _ c l o s e d _ o f f _ p a r k i n g _ l o t _ e v e n _ t h e _ l a n e s _ d e f i n e d _ b y _ r e d _ t r a f f i c _ c o n e s _ _ s o _ w i t h _ t h i s _ s u c c e s s _,string,
28,2538,DennisHong_2011_269.31_275.2,5.89,269.31,275.2,./ressources/audio/TEDLIUM_release-3/legacy/train/sph/DennisHong_2011.sph,sph,,DennisHong_2011,string,,so we 're moving away from the instructional cue devices  and we 're now focusing more on the informational,string,,s o _ w e _ ' r e _ m o v i n g _ a w a y _ f r o m _ t h e _ i n s t r u c t i o n a l _ c u e _ d e v i c e s _ _ a n d _ w e _ ' r e _ n o w _ f o c u s i n g _ m o r e _ o n _ t h e _ i n f o r m a t i o n a l,string,
26,2536,DennisHong_2011_253.45_254.79,1.34,253.45,254.79,./ressources/audio/TEDLIUM_release-3/legacy/train/sph/DennisHong_2011.sph,sph,,DennisHong_2011,string,,so these two,string,,s o _ t h e s e _ t w o,string,
127,14784,DennisHong_2009X_554.41_562.41,8.0,554.41,562.41,./ressources/audio/TEDLIUM_release-3/legacy/train/sph/DennisHong_2009X.sph,sph,,DennisHong_2009X,string,,however still as you can see it has a cord umbilical cord so we 're still using an external power source and external computation ,string,,h o w e v e r _ s t i l l _ a s _ y o u _ c a n _ s e e _ i t _ h a s _ a _ c o r d _ u m b i l i c a l _ c o r d _ s o _ w e _ ' r e _ s t i l l _ u s i n g _ a n _ e x t e r n a l _ p o w e r _ s o u r c e _ a n d _ e x t e r n a l _ c o m p u t a t i o n _,string,
106,14763,DennisHong_2009X_394.54_403.56,9.02,394.54,403.56,./ressources/audio/TEDLIUM_release-3/legacy/train/sph/DennisHong_2009X.sph,sph,,DennisHong_2009X,string,,'s called chimera  we also have been working with some scientists and engineers from upenn to come up with a chemically actuated version of this amoeba robot,string,,' s _ c a l l e d _ c h i m e r a _ _ w e _ a l s o _ h a v e _ b e e n _ w o r k i n g _ w i t h _ s o m e _ s c i e n t i s t s _ a n d _ e n g i n e e r s _ f r o m _ u p e n n _ t o _ c o m e _ u p _ w i t h _ a _ c h e m i c a l l y _ a c t u a t e d _ v e r s i o n _ o f _ t h i s _ a m o e b a _ r o b o t,string,
58,14715,DennisHong_2009X_36.71_40.72,4.01,36.71,40.72,./ressources/audio/TEDLIUM_release-3/legacy/train/sph/DennisHong_2009X.sph,sph,,DennisHong_2009X,string,, worlds novel and movie and what you see over here is a very popular,string,,_ w o r l d s _ n o v e l _ a n d _ m o v i e _ a n d _ w h a t _ y o u _ s e e _ o v e r _ h e r e _ i s _ a _ v e r y _ p o p u l a r,string,
159,14816,DennisHong_2009X_831.43_837.14,5.71,831.43,837.14,./ressources/audio/TEDLIUM_release-3/legacy/train/sph/DennisHong_2009X.sph,sph,,DennisHong_2009X,string,,nobody criticizes anybody 's ideas  nobody criticizes any opinion ,string,,n o b o d y _ c r i t i c i z e s _ a n y b o d y _ ' s _ i d e a s _ _ n o b o d y _ c r i t i c i z e s _ a n y _ o p i n i o n _,string,
54,14711,DennisHong_2009X_12.79_15.56,2.77,12.79,15.56,./ressources/audio/TEDLIUM_release-3/legacy/train/sph/DennisHong_2009X.sph,sph,,DennisHong_2009X,string,, the first robot to talk about is called strider ,string,,_ t h e _ f i r s t _ r o b o t _ t o _ t a l k _ a b o u t _ i s _ c a l l e d _ s t r i d e r _,string,
151,14808,DennisHong_2009X_769.87_779.61,9.74,769.87,779.61,./ressources/audio/TEDLIUM_release-3/legacy/train/sph/DennisHong_2009X.sph,sph,,DennisHong_2009X,string,,every day in the morning  the first thing i do before my first cup of coffee before i brush my teeth i open my notebook  many times it 's empty sometimes i have something there if something,string,,e v e r y _ d a y _ i n _ t h e _ m o r n i n g _ _ t h e _ f i r s t _ t h i n g _ i _ d o _ b e f o r e _ m y _ f i r s t _ c u p _ o f _ c o f f e e _ b e f o r e _ i _ b r u s h _ m y _ t e e t h _ i _ o p e n _ m y _ n o t e b o o k _ _ m a n y _ t i m e s _ i t _ ' s _ e m p t y _ s o m e t i m e s _ i _ h a v e _ s o m e t h i n g _ t h e r e _ i f _ s o m e t h i n g,string,
51,2561,DennisHong_2011_511.65_517.04,5.39,511.65,517.04,./ressources/audio/TEDLIUM_release-3/legacy/train/sph/DennisHong_2011.sph,sph,,DennisHong_2011,string,,just imagine in a classroom a teacher writes on the blackboard and a blind student,string,,j u s t _ i m a g i n e _ i n _ a _ c l a s s r o o m _ a _ t e a c h e r _ w r i t e s _ o n _ t h e _ b l a c k b o a r d _ a n d _ a _ b l i n d _ s t u d e n t,string,
115,14772,DennisHong_2009X_457.3_466.97,9.67,457.3,466.97,./ressources/audio/TEDLIUM_release-3/legacy/train/sph/DennisHong_2009X.sph,sph,,DennisHong_2009X,string,,this robot is actually a family of snake robots that we call hydras hyper degrees of freedom robotic articulated serpentine  this is a robot that can climb structures ,string,,t h i s _ r o b o t _ i s _ a c t u a l l y _ a _ f a m i l y _ o f _ s n a k e _ r o b o t s _ t h a t _ w e _ c a l l _ h y d r a s _ h y p e r _ d e g r e e s _ o f _ f r e e d o m _ r o b o t i c _ a r t i c u l a t e d _ s e r p e n t i n e _ _ t h i s _ i s _ a _ r o b o t _ t h a t _ c a n _ c l i m b _ s t r u c t u r e s _,string,
125,14782,DennisHong_2009X_542.29_550.11,7.82,542.29,550.11,./ressources/audio/TEDLIUM_release-3/legacy/train/sph/DennisHong_2009X.sph,sph,,DennisHong_2009X,string,,so based on that success the following year we did the proper mechanical design starting from kinematics and thus darwin,string,,s o _ b a s e d _ o n _ t h a t _ s u c c e s s _ t h e _ f o l l o w i n g _ y e a r _ w e _ d i d _ t h e _ p r o p e r _ m e c h a n i c a l _ d e s i g n _ s t a r t i n g _ f r o m _ k i n e m a t i c s _ a n d _ t h u s _ d a r w i n,string,
92,14749,DennisHong_2009X_300.37_301.74,1.37,300.37,301.74,./ressources/audio/TEDLIUM_release-3/legacy/train/sph/DennisHong_2009X.sph,sph,,DennisHong_2009X,string,, it has three legs it 's probably,string,,_ i t _ h a s _ t h r e e _ l e g s _ i t _ ' s _ p r o b a b l y,string,
94,14751,DennisHong_2009X_304.12_307.38,3.26,304.12,307.38,./ressources/audio/TEDLIUM_release-3/legacy/train/sph/DennisHong_2009X.sph,sph,,DennisHong_2009X,string,,it tries to figure out the best place to put its foot ,string,,i t _ t r i e s _ t o _ f i g u r e _ o u t _ t h e _ b e s t _ p l a c e _ t o _ p u t _ i t s _ f o o t _,string,
29,2539,DennisHong_2011_275.97_286.15,10.18,275.97,286.15,./ressources/audio/TEDLIUM_release-3/legacy/train/sph/DennisHong_2011.sph,sph,,DennisHong_2011,string,, a good example for this informational non visual user interface is called airpix  so think of it as a monitor for the blind so it 's a small tablet has many holes in it and compressed air comes ,string,,_ a _ g o o d _ e x a m p l e _ f o r _ t h i s _ i n f o r m a t i o n a l _ n o n _ v i s u a l _ u s e r _ i n t e r f a c e _ i s _ c a l l e d _ a i r p i x _ _ s o _ t h i n k _ o f _ i t _ a s _ a _ m o n i t o r _ f o r _ t h e _ b l i n d _ s o _ i t _ ' s _ a _ s m a l l _ t a b l e t _ h a s _ m a n y _ h o l e s _ i n _ i t _ a n d _ c o m p r e s s e d _ a i r _ c o m e s _,string,
30,2540,DennisHong_2011_286.05_292.46,6.41,286.05,292.46,./ressources/audio/TEDLIUM_release-3/legacy/train/sph/DennisHong_2011.sph,sph,,DennisHong_2011,string,, out  so it can actually draw images so even though you are blind you can put your hand over it you can see the lanes of the road and obstacles,string,,_ o u t _ _ s o _ i t _ c a n _ a c t u a l l y _ d r a w _ i m a g e s _ s o _ e v e n _ t h o u g h _ y o u _ a r e _ b l i n d _ y o u _ c a n _ p u t _ y o u r _ h a n d _ o v e r _ i t _ y o u _ c a n _ s e e _ t h e _ l a n e s _ o f _ t h e _ r o a d _ a n d _ o b s t a c l e s,string,
87,14744,DennisHong_2009X_241.06_249.14,8.08,241.06,249.14,./ressources/audio/TEDLIUM_release-3/legacy/train/sph/DennisHong_2009X.sph,sph,,DennisHong_2009X,string,,when you steer your car you use a method called ackermann steering the front wheels rotate like this for most small,string,,w h e n _ y o u _ s t e e r _ y o u r _ c a r _ y o u _ u s e _ a _ m e t h o d _ c a l l e d _ a c k e r m a n n _ s t e e r i n g _ t h e _ f r o n t _ w h e e l s _ r o t a t e _ l i k e _ t h i s _ f o r _ m o s t _ s m a l l,string,
36,2546,DennisHong_2011_350_379.94,29.94,350.0,379.94,./ressources/audio/TEDLIUM_release-3/legacy/train/sph/DennisHong_2011.sph,sph,,DennisHong_2011,string,,the,string,,t h e,string,
62,14719,DennisHong_2009X_66.57_77.15,10.58,66.57,77.15,./ressources/audio/TEDLIUM_release-3/legacy/train/sph/DennisHong_2009X.sph,sph,,DennisHong_2009X,string,, is you 're not really using a muscle to lift your leg and walk like a robot right  what you 're doing is you really swing your leg and catch the fall stand up again swing your leg and catch the fall,string,,_ i s _ y o u _ ' r e _ n o t _ r e a l l y _ u s i n g _ a _ m u s c l e _ t o _ l i f t _ y o u r _ l e g _ a n d _ w a l k _ l i k e _ a _ r o b o t _ r i g h t _ _ w h a t _ y o u _ ' r e _ d o i n g _ i s _ y o u _ r e a l l y _ s w i n g _ y o u r _ l e g _ a n d _ c a t c h _ t h e _ f a l l _ s t a n d _ u p _ a g a i n _ s w i n g _ y o u r _ l e g _ a n d _ c a t c h _ t h e _ f a l l,string,
150,14807,DennisHong_2009X_756.73_769.94,13.21,756.73,769.94,./ressources/audio/TEDLIUM_release-3/legacy/train/sph/DennisHong_2009X.sph,sph,,DennisHong_2009X,string,,ah this is cool so  right next to my bed i keep a notebook a journal with a special pen that has a light on it led light because i don 't want to turn on the light and wake up my wife so i see this scribble everything down draw things and i go to bed ,string,,a h _ t h i s _ i s _ c o o l _ s o _ _ r i g h t _ n e x t _ t o _ m y _ b e d _ i _ k e e p _ a _ n o t e b o o k _ a _ j o u r n a l _ w i t h _ a _ s p e c i a l _ p e n _ t h a t _ h a s _ a _ l i g h t _ o n _ i t _ l e d _ l i g h t _ b e c a u s e _ i _ d o n _ ' t _ w a n t _ t o _ t u r n _ o n _ t h e _ l i g h t _ a n d _ w a k e _ u p _ m y _ w i f e _ s o _ i _ s e e _ t h i s _ s c r i b b l e _ e v e r y t h i n g _ d o w n _ d r a w _ t h i n g s _ a n d _ i _ g o _ t o _ b e d _,string,
147,14804,DennisHong_2009X_739.89_746.77,6.88,739.89,746.77,./ressources/audio/TEDLIUM_release-3/legacy/train/sph/DennisHong_2009X.sph,sph,,DennisHong_2009X,string,,first is where do we get inspiration where do we get this spark of imagination this is a true story my personal story ,string,,f i r s t _ i s _ w h e r e _ d o _ w e _ g e t _ i n s p i r a t i o n _ w h e r e _ d o _ w e _ g e t _ t h i s _ s p a r k _ o f _ i m a g i n a t i o n _ t h i s _ i s _ a _ t r u e _ s t o r y _ m y _ p e r s o n a l _ s t o r y _,string,
104,14761,DennisHong_2009X_377.97_379.43,1.46,377.97,379.43,./ressources/audio/TEDLIUM_release-3/legacy/train/sph/DennisHong_2009X.sph,sph,,DennisHong_2009X,string,,this robot is,string,,t h i s _ r o b o t _ i s,string,
59,14716,DennisHong_2009X_40.72_54.46,13.74,40.72,54.46,./ressources/audio/TEDLIUM_release-3/legacy/train/sph/DennisHong_2009X.sph,sph,,DennisHong_2009X,string,,video game and in this fiction they describe these alien creatures that are robots that have three legs that terrorize earth but my robot strider does not move like this  so  this is an actual dynamic simulation animation,string,,v i d e o _ g a m e _ a n d _ i n _ t h i s _ f i c t i o n _ t h e y _ d e s c r i b e _ t h e s e _ a l i e n _ c r e a t u r e s _ t h a t _ a r e _ r o b o t s _ t h a t _ h a v e _ t h r e e _ l e g s _ t h a t _ t e r r o r i z e _ e a r t h _ b u t _ m y _ r o b o t _ s t r i d e r _ d o e s _ n o t _ m o v e _ l i k e _ t h i s _ _ s o _ _ t h i s _ i s _ a n _ a c t u a l _ d y n a m i c _ s i m u l a t i o n _ a n i m a t i o n,string,
161,14818,DennisHong_2009X_851.3_855.81,4.51,851.3,855.81,./ressources/audio/TEDLIUM_release-3/legacy/train/sph/DennisHong_2009X.sph,sph,,DennisHong_2009X,string,, and the whole room is just electrified with creative energy  and this is how we,string,,_ a n d _ t h e _ w h o l e _ r o o m _ i s _ j u s t _ e l e c t r i f i e d _ w i t h _ c r e a t i v e _ e n e r g y _ _ a n d _ t h i s _ i s _ h o w _ w e,string,
122,14779,DennisHong_2009X_511.97_522.37,10.4,511.97,522.37,./ressources/audio/TEDLIUM_release-3/legacy/train/sph/DennisHong_2009X.sph,sph,,DennisHong_2009X,string,,dynamic anthropomorphic robot with intelligence  as you know we are very interested in humanoid robot human walking so we decided to build a small humanoid robot this was in two thousand ,string,,d y n a m i c _ a n t h r o p o m o r p h i c _ r o b o t _ w i t h _ i n t e l l i g e n c e _ _ a s _ y o u _ k n o w _ w e _ a r e _ v e r y _ i n t e r e s t e d _ i n _ h u m a n o i d _ r o b o t _ h u m a n _ w a l k i n g _ s o _ w e _ d e c i d e d _ t o _ b u i l d _ a _ s m a l l _ h u m a n o i d _ r o b o t _ t h i s _ w a s _ i n _ t w o _ t h o u s a n d _,string,
7,2517,DennisHong_2011_79.84_84.76,4.92,79.84,84.76,./ressources/audio/TEDLIUM_release-3/legacy/train/sph/DennisHong_2011.sph,sph,,DennisHong_2011,string,, active decisions and drive  so we had to throw everything out the window and start from scratch ,string,,_ a c t i v e _ d e c i s i o n s _ a n d _ d r i v e _ _ s o _ w e _ h a d _ t o _ t h r o w _ e v e r y t h i n g _ o u t _ t h e _ w i n d o w _ a n d _ s t a r t _ f r o m _ s c r a t c h _,string,
130,14787,DennisHong_2009X_591.27_594.86,3.59,591.27,594.86,./ressources/audio/TEDLIUM_release-3/legacy/train/sph/DennisHong_2009X.sph,sph,,DennisHong_2009X,string,, let 's see how it does this was our very first trial and,string,,_ l e t _ ' s _ s e e _ h o w _ i t _ d o e s _ t h i s _ w a s _ o u r _ v e r y _ f i r s t _ t r i a l _ a n d,string,
114,14771,DennisHong_2009X_450.43_456.44,6.01,450.43,456.44,./ressources/audio/TEDLIUM_release-3/legacy/train/sph/DennisHong_2009X.sph,sph,,DennisHong_2009X,string,, or in this case a lightbulb  the best part it took only $ two hundred dollars to make the first prototype ,string,,_ o r _ i n _ t h i s _ c a s e _ a _ l i g h t b u l b _ _ t h e _ b e s t _ p a r t _ i t _ t o o k _ o n l y _ $ _ t w o _ h u n d r e d _ d o l l a r s _ t o _ m a k e _ t h e _ f i r s t _ p r o t o t y p e _,string,
165,14822,DennisHong_2009X_867.48_874.99,7.51,867.48,874.99,./ressources/audio/TEDLIUM_release-3/legacy/train/sph/DennisHong_2009X.sph,sph,,DennisHong_2009X,string,,ken robinson was it he gave a talk about how education and school kills creativity well actually there are two sides,string,,k e n _ r o b i n s o n _ w a s _ i t _ h e _ g a v e _ a _ t a l k _ a b o u t _ h o w _ e d u c a t i o n _ a n d _ s c h o o l _ k i l l s _ c r e a t i v i t y _ w e l l _ a c t u a l l y _ t h e r e _ a r e _ t w o _ s i d e s,string,
76,14733,DennisHong_2009X_172.31_175.02,2.71,172.31,175.02,./ressources/audio/TEDLIUM_release-3/legacy/train/sph/DennisHong_2009X.sph,sph,,DennisHong_2009X,string,,so it 's a wheel leg hybrid robot,string,,s o _ i t _ ' s _ a _ w h e e l _ l e g _ h y b r i d _ r o b o t,string,
44,2554,DennisHong_2011_462.73_471.6,8.87,462.73,471.6,./ressources/audio/TEDLIUM_release-3/legacy/train/sph/DennisHong_2011.sph,sph,,DennisHong_2011,string,,but this vehicle is a prototype vehicle and it 's not going to be on the road until it 's proven as safe as or safer than today 's vehicle and i truly believe that this can happen ,string,,b u t _ t h i s _ v e h i c l e _ i s _ a _ p r o t o t y p e _ v e h i c l e _ a n d _ i t _ ' s _ n o t _ g o i n g _ t o _ b e _ o n _ t h e _ r o a d _ u n t i l _ i t _ ' s _ p r o v e n _ a s _ s a f e _ a s _ o r _ s a f e r _ t h a n _ t o d a y _ ' s _ v e h i c l e _ a n d _ i _ t r u l y _ b e l i e v e _ t h a t _ t h i s _ c a n _ h a p p e n _,string,
167,14824,DennisHong_2009X_887.07_896.29,9.22,887.07,896.29,./ressources/audio/TEDLIUM_release-3/legacy/train/sph/DennisHong_2009X.sph,sph,,DennisHong_2009X,string,, a hobby of robotics and really tackle the the grand challenges of robotics through rigorous research we need more than that this is where school comes in,string,,_ a _ h o b b y _ o f _ r o b o t i c s _ a n d _ r e a l l y _ t a c k l e _ t h e _ t h e _ g r a n d _ c h a l l e n g e s _ o f _ r o b o t i c s _ t h r o u g h _ r i g o r o u s _ r e s e a r c h _ w e _ n e e d _ m o r e _ t h a n _ t h a t _ t h i s _ i s _ w h e r e _ s c h o o l _ c o m e s _ i n,string,
3,2513,DennisHong_2011_30.59_40.41,9.82,30.59,40.41,./ressources/audio/TEDLIUM_release-3/legacy/train/sph/DennisHong_2011.sph,sph,,DennisHong_2011,string,,so before i talk about this car for the blind let me briefly tell you about another project that i worked on called the darpa urban challenge now this was about building a robotic car ,string,,s o _ b e f o r e _ i _ t a l k _ a b o u t _ t h i s _ c a r _ f o r _ t h e _ b l i n d _ l e t _ m e _ b r i e f l y _ t e l l _ y o u _ a b o u t _ a n o t h e r _ p r o j e c t _ t h a t _ i _ w o r k e d _ o n _ c a l l e d _ t h e _ d a r p a _ u r b a n _ c h a l l e n g e _ n o w _ t h i s _ w a s _ a b o u t _ b u i l d i n g _ a _ r o b o t i c _ c a r _,string,
21,2531,DennisHong_2011_204.09_212.87,8.78,204.09,212.87,./ressources/audio/TEDLIUM_release-3/legacy/train/sph/DennisHong_2011.sph,sph,,DennisHong_2011,string,,click wheel with voice commands a leg strip even a shoe that applies pressure to the foot  but today we 're going to talk about three of these non visual user interfaces ,string,,c l i c k _ w h e e l _ w i t h _ v o i c e _ c o m m a n d s _ a _ l e g _ s t r i p _ e v e n _ a _ s h o e _ t h a t _ a p p l i e s _ p r e s s u r e _ t o _ t h e _ f o o t _ _ b u t _ t o d a y _ w e _ ' r e _ g o i n g _ t o _ t a l k _ a b o u t _ t h r e e _ o f _ t h e s e _ n o n _ v i s u a l _ u s e r _ i n t e r f a c e s _,string,
168,14825,DennisHong_2009X_904.9_909.69,4.79,904.9,909.69,./ressources/audio/TEDLIUM_release-3/legacy/train/sph/DennisHong_2009X.sph,sph,,DennisHong_2009X,string,, scientists these tools these are the courses and classes you take in class,string,,_ s c i e n t i s t s _ t h e s e _ t o o l s _ t h e s e _ a r e _ t h e _ c o u r s e s _ a n d _ c l a s s e s _ y o u _ t a k e _ i n _ c l a s s,string,
146,14803,DennisHong_2009X_730.74_740.32,9.58,730.74,740.32,./ressources/audio/TEDLIUM_release-3/legacy/train/sph/DennisHong_2009X.sph,sph,,DennisHong_2009X,string,,robotics projects i want to talk about these are just the awards that we won in two thousand and seven fall from robotics competitions and those kinds of things so really we have five secrets,string,,r o b o t i c s _ p r o j e c t s _ i _ w a n t _ t o _ t a l k _ a b o u t _ t h e s e _ a r e _ j u s t _ t h e _ a w a r d s _ t h a t _ w e _ w o n _ i n _ t w o _ t h o u s a n d _ a n d _ s e v e n _ f a l l _ f r o m _ r o b o t i c s _ c o m p e t i t i o n s _ a n d _ t h o s e _ k i n d s _ o f _ t h i n g s _ s o _ r e a l l y _ w e _ h a v e _ f i v e _ s e c r e t s,string,
129,14786,DennisHong_2009X_580.41_591.27,10.86,580.41,591.27,./ressources/audio/TEDLIUM_release-3/legacy/train/sph/DennisHong_2009X.sph,sph,,DennisHong_2009X,string,, not remote controlled there are no tethers it looks around searches for the ball  looks around searches for the ball and it tries to play a game of soccer autonomously  artificial intelligence,string,,_ n o t _ r e m o t e _ c o n t r o l l e d _ t h e r e _ a r e _ n o _ t e t h e r s _ i t _ l o o k s _ a r o u n d _ s e a r c h e s _ f o r _ t h e _ b a l l _ _ l o o k s _ a r o u n d _ s e a r c h e s _ f o r _ t h e _ b a l l _ a n d _ i t _ t r i e s _ t o _ p l a y _ a _ g a m e _ o f _ s o c c e r _ a u t o n o m o u s l y _ _ a r t i f i c i a l _ i n t e l l i g e n c e,string,
14,2524,DennisHong_2011_150.7_161.99,11.29,150.7,161.99,./ressources/audio/TEDLIUM_release-3/legacy/train/sph/DennisHong_2011.sph,sph,,DennisHong_2011,string,, also use three laser range finders the lasers scan the environment to detect obstacles a car approaching from the front the back and also any obstacles that run into the roads  any obstacles around the vehicle,string,,_ a l s o _ u s e _ t h r e e _ l a s e r _ r a n g e _ f i n d e r s _ t h e _ l a s e r s _ s c a n _ t h e _ e n v i r o n m e n t _ t o _ d e t e c t _ o b s t a c l e s _ a _ c a r _ a p p r o a c h i n g _ f r o m _ t h e _ f r o n t _ t h e _ b a c k _ a n d _ a l s o _ a n y _ o b s t a c l e s _ t h a t _ r u n _ i n t o _ t h e _ r o a d s _ _ a n y _ o b s t a c l e s _ a r o u n d _ t h e _ v e h i c l e,string,
32,2542,DennisHong_2011_300_311.07,11.07,300.0,311.07,./ressources/audio/TEDLIUM_release-3/legacy/train/sph/DennisHong_2011.sph,sph,,DennisHong_2011,string,,so here you can see the left camera the right camera from the vehicle and how the computer interprets that and sends that information to the airpix for this we 're showing a simulator a blind person driving using the airpix,string,,s o _ h e r e _ y o u _ c a n _ s e e _ t h e _ l e f t _ c a m e r a _ t h e _ r i g h t _ c a m e r a _ f r o m _ t h e _ v e h i c l e _ a n d _ h o w _ t h e _ c o m p u t e r _ i n t e r p r e t s _ t h a t _ a n d _ s e n d s _ t h a t _ i n f o r m a t i o n _ t o _ t h e _ a i r p i x _ f o r _ t h i s _ w e _ ' r e _ s h o w i n g _ a _ s i m u l a t o r _ a _ b l i n d _ p e r s o n _ d r i v i n g _ u s i n g _ t h e _ a i r p i x,string,
109,14766,DennisHong_2009X_411.41_417.31,5.9,411.41,417.31,./ressources/audio/TEDLIUM_release-3/legacy/train/sph/DennisHong_2009X.sph,sph,,DennisHong_2009X,string,,this robot is a very recent project it 's called raphael robotic air powered hand with elastic ligaments,string,,t h i s _ r o b o t _ i s _ a _ v e r y _ r e c e n t _ p r o j e c t _ i t _ ' s _ c a l l e d _ r a p h a e l _ r o b o t i c _ a i r _ p o w e r e d _ h a n d _ w i t h _ e l a s t i c _ l i g a m e n t s,string,
46,2556,DennisHong_2011_479.98_485.97,5.99,479.98,485.97,./ressources/audio/TEDLIUM_release-3/legacy/train/sph/DennisHong_2011.sph,sph,,DennisHong_2011,string,,there 's many of these different kinds of hurdles besides technology challenges that we need to address before this becomes a reality,string,,t h e r e _ ' s _ m a n y _ o f _ t h e s e _ d i f f e r e n t _ k i n d s _ o f _ h u r d l e s _ b e s i d e s _ t e c h n o l o g y _ c h a l l e n g e s _ t h a t _ w e _ n e e d _ t o _ a d d r e s s _ b e f o r e _ t h i s _ b e c o m e s _ a _ r e a l i t y,string,
157,14814,DennisHong_2009X_820.73_829.97,9.24,820.73,829.97,./ressources/audio/TEDLIUM_release-3/legacy/train/sph/DennisHong_2009X.sph,sph,,DennisHong_2009X,string,,fantastic brainstorming sessions so we gather around we discuss about problems and social problems and talk about it but before we start we set this golden rule,string,,f a n t a s t i c _ b r a i n s t o r m i n g _ s e s s i o n s _ s o _ w e _ g a t h e r _ a r o u n d _ w e _ d i s c u s s _ a b o u t _ p r o b l e m s _ a n d _ s o c i a l _ p r o b l e m s _ a n d _ t a l k _ a b o u t _ i t _ b u t _ b e f o r e _ w e _ s t a r t _ w e _ s e t _ t h i s _ g o l d e n _ r u l e,string,
50,2560,DennisHong_2011_507.28_512.05,4.77,507.28,512.05,./ressources/audio/TEDLIUM_release-3/legacy/train/sph/DennisHong_2011.sph,sph,,DennisHong_2011,string,,or for the blind everyday home appliances in the educational setting in the office setting,string,,o r _ f o r _ t h e _ b l i n d _ e v e r y d a y _ h o m e _ a p p l i a n c e s _ i n _ t h e _ e d u c a t i o n a l _ s e t t i n g _ i n _ t h e _ o f f i c e _ s e t t i n g,string,
56,14713,DennisHong_2009X_23.86_29.91,6.05,23.86,29.91,./ressources/audio/TEDLIUM_release-3/legacy/train/sph/DennisHong_2009X.sph,sph,,DennisHong_2009X,string,,but have you seen anything in nature an animal that has three legs probably not so why do i call this,string,,b u t _ h a v e _ y o u _ s e e n _ a n y t h i n g _ i n _ n a t u r e _ a n _ a n i m a l _ t h a t _ h a s _ t h r e e _ l e g s _ p r o b a b l y _ n o t _ s o _ w h y _ d o _ i _ c a l l _ t h i s,string,
34,2544,DennisHong_2011_320.08_329.97,9.89,320.08,329.97,./ressources/audio/TEDLIUM_release-3/legacy/train/sph/DennisHong_2011.sph,sph,,DennisHong_2011,string,,so just a month ago on january 29th we unveiled this vehicle for the very first time to the public at the  world famous daytona international speedway during the rolex,string,,s o _ j u s t _ a _ m o n t h _ a g o _ o n _ j a n u a r y _ 2 9 t h _ w e _ u n v e i l e d _ t h i s _ v e h i c l e _ f o r _ t h e _ v e r y _ f i r s t _ t i m e _ t o _ t h e _ p u b l i c _ a t _ t h e _ _ w o r l d _ f a m o u s _ d a y t o n a _ i n t e r n a t i o n a l _ s p e e d w a y _ d u r i n g _ t h e _ r o l e x,string,
124,14781,DennisHong_2009X_529.81_540.26,10.45,529.81,540.26,./ressources/audio/TEDLIUM_release-3/legacy/train/sph/DennisHong_2009X.sph,sph,,DennisHong_2009X,string,, controls should we do so this does not have any sensors so it 's an open loop control for those who probably know if you don 't have any sensors and there are any disturbances  you know what happens,string,,_ c o n t r o l s _ s h o u l d _ w e _ d o _ s o _ t h i s _ d o e s _ n o t _ h a v e _ a n y _ s e n s o r s _ s o _ i t _ ' s _ a n _ o p e n _ l o o p _ c o n t r o l _ f o r _ t h o s e _ w h o _ p r o b a b l y _ k n o w _ i f _ y o u _ d o n _ ' t _ h a v e _ a n y _ s e n s o r s _ a n d _ t h e r e _ a r e _ a n y _ d i s t u r b a n c e s _ _ y o u _ k n o w _ w h a t _ h a p p e n s,string,
113,14770,DennisHong_2009X_440.76_449.9,9.14,440.76,449.9,./ressources/audio/TEDLIUM_release-3/legacy/train/sph/DennisHong_2009X.sph,sph,,DennisHong_2009X,string,, compliant you can actually change the force simply just changing the air pressure  and it can actually crush an empty soda can it can pick up very delicate objects like a,string,,_ c o m p l i a n t _ y o u _ c a n _ a c t u a l l y _ c h a n g e _ t h e _ f o r c e _ s i m p l y _ j u s t _ c h a n g i n g _ t h e _ a i r _ p r e s s u r e _ _ a n d _ i t _ c a n _ a c t u a l l y _ c r u s h _ a n _ e m p t y _ s o d a _ c a n _ i t _ c a n _ p i c k _ u p _ v e r y _ d e l i c a t e _ o b j e c t s _ l i k e _ a,string,
35,2545,DennisHong_2011_330.04_333.52,3.48,330.04,333.52,./ressources/audio/TEDLIUM_release-3/legacy/train/sph/DennisHong_2011.sph,sph,,DennisHong_2011,string,,twenty four racing event  we also had some surprises  let 's take a look,string,,t w e n t y _ f o u r _ r a c i n g _ e v e n t _ _ w e _ a l s o _ h a d _ s o m e _ s u r p r i s e s _ _ l e t _ ' s _ t a k e _ a _ l o o k,string,
169,14826,DennisHong_2009X_909.51_919.79,10.28,909.51,919.79,./ressources/audio/TEDLIUM_release-3/legacy/train/sph/DennisHong_2009X.sph,sph,,DennisHong_2009X,string,,math differential equations i have linear algebra science  physics even nowadays chemistry and biology as you 've seen these are all the tools that we need so the ,string,,m a t h _ d i f f e r e n t i a l _ e q u a t i o n s _ i _ h a v e _ l i n e a r _ a l g e b r a _ s c i e n c e _ _ p h y s i c s _ e v e n _ n o w a d a y s _ c h e m i s t r y _ a n d _ b i o l o g y _ a s _ y o u _ ' v e _ s e e n _ t h e s e _ a r e _ a l l _ t h e _ t o o l s _ t h a t _ w e _ n e e d _ s o _ t h e _,string,
33,2543,DennisHong_2011_311.07_320.42,9.35,311.07,320.42,./ressources/audio/TEDLIUM_release-3/legacy/train/sph/DennisHong_2011.sph,sph,,DennisHong_2011,string,,this simulator was also very useful for training the blind drivers and also quickly testing different types of ideas for different types of non visual user interfaces  so basically that 's how it works ,string,,t h i s _ s i m u l a t o r _ w a s _ a l s o _ v e r y _ u s e f u l _ f o r _ t r a i n i n g _ t h e _ b l i n d _ d r i v e r s _ a n d _ a l s o _ q u i c k l y _ t e s t i n g _ d i f f e r e n t _ t y p e s _ o f _ i d e a s _ f o r _ d i f f e r e n t _ t y p e s _ o f _ n o n _ v i s u a l _ u s e r _ i n t e r f a c e s _ _ s o _ b a s i c a l l y _ t h a t _ ' s _ h o w _ i t _ w o r k s _,string,
144,14801,DennisHong_2009X_716.81_729.97,13.16,716.81,729.97,./ressources/audio/TEDLIUM_release-3/legacy/train/sph/DennisHong_2009X.sph,sph,,DennisHong_2009X,string,, a fully autonomous vehicle that can drive into urban environments we won a half a million dollars in the darpa urban challenge  we also have the world 's very first vehicle that can be driven by the blind we call it the blind driver challenge very exciting and many many,string,,_ a _ f u l l y _ a u t o n o m o u s _ v e h i c l e _ t h a t _ c a n _ d r i v e _ i n t o _ u r b a n _ e n v i r o n m e n t s _ w e _ w o n _ a _ h a l f _ a _ m i l l i o n _ d o l l a r s _ i n _ t h e _ d a r p a _ u r b a n _ c h a l l e n g e _ _ w e _ a l s o _ h a v e _ t h e _ w o r l d _ ' s _ v e r y _ f i r s t _ v e h i c l e _ t h a t _ c a n _ b e _ d r i v e n _ b y _ t h e _ b l i n d _ w e _ c a l l _ i t _ t h e _ b l i n d _ d r i v e r _ c h a l l e n g e _ v e r y _ e x c i t i n g _ a n d _ m a n y _ m a n y,string,
141,14798,DennisHong_2009X_697.45_699.99,2.54,697.45,699.99,./ressources/audio/TEDLIUM_release-3/legacy/train/sph/DennisHong_2009X.sph,sph,,DennisHong_2009X,string,,laughter and it walks away  so  this is darwin,string,,l a u g h t e r _ a n d _ i t _ w a l k s _ a w a y _ _ s o _ _ t h i s _ i s _ d a r w i n,string,
84,14741,DennisHong_2009X_229.93_234.86,4.93,229.93,234.86,./ressources/audio/TEDLIUM_release-3/legacy/train/sph/DennisHong_2009X.sph,sph,,DennisHong_2009X,string,, out there this is a very high mobility robot that we developed called impass ah,string,,_ o u t _ t h e r e _ t h i s _ i s _ a _ v e r y _ h i g h _ m o b i l i t y _ r o b o t _ t h a t _ w e _ d e v e l o p e d _ c a l l e d _ i m p a s s _ a h,string,
153,14810,DennisHong_2009X_783.17_793.62,10.45,783.17,793.62,./ressources/audio/TEDLIUM_release-3/legacy/train/sph/DennisHong_2009X.sph,sph,,DennisHong_2009X,string,,four am in the morning what do you expect right so i need to decipher what i wrote but sometimes i see this ingenious idea in there  and i have this eureka moment i directly run ,string,,f o u r _ a m _ i n _ t h e _ m o r n i n g _ w h a t _ d o _ y o u _ e x p e c t _ r i g h t _ s o _ i _ n e e d _ t o _ d e c i p h e r _ w h a t _ i _ w r o t e _ b u t _ s o m e t i m e s _ i _ s e e _ t h i s _ i n g e n i o u s _ i d e a _ i n _ t h e r e _ _ a n d _ i _ h a v e _ t h i s _ e u r e k a _ m o m e n t _ i _ d i r e c t l y _ r u n _,string,
12,2522,DennisHong_2011_129.81_140.29,10.48,129.81,140.29,./ressources/audio/TEDLIUM_release-3/legacy/train/sph/DennisHong_2011.sph,sph,,DennisHong_2011,string,, obviously the driver cannot see so the system needs to perceive the environment and gather information for the driver for that we use an initial measurement unit so it measures acceleration angular acceleration ,string,,_ o b v i o u s l y _ t h e _ d r i v e r _ c a n n o t _ s e e _ s o _ t h e _ s y s t e m _ n e e d s _ t o _ p e r c e i v e _ t h e _ e n v i r o n m e n t _ a n d _ g a t h e r _ i n f o r m a t i o n _ f o r _ t h e _ d r i v e r _ f o r _ t h a t _ w e _ u s e _ a n _ i n i t i a l _ m e a s u r e m e n t _ u n i t _ s o _ i t _ m e a s u r e s _ a c c e l e r a t i o n _ a n g u l a r _ a c c e l e r a t i o n _,string,
123,14780,DennisHong_2009X_522.27_528.59,6.32,522.27,528.59,./ressources/audio/TEDLIUM_release-3/legacy/train/sph/DennisHong_2009X.sph,sph,,DennisHong_2009X,string,, and four at that time this was something really really revolutionary  this was more of a feasibility study what kind of motors should we use,string,,_ a n d _ f o u r _ a t _ t h a t _ t i m e _ t h i s _ w a s _ s o m e t h i n g _ r e a l l y _ r e a l l y _ r e v o l u t i o n a r y _ _ t h i s _ w a s _ m o r e _ o f _ a _ f e a s i b i l i t y _ s t u d y _ w h a t _ k i n d _ o f _ m o t o r s _ s h o u l d _ w e _ u s e,string,
97,14754,DennisHong_2009X_322.3_329.91,7.61,322.3,329.91,./ressources/audio/TEDLIUM_release-3/legacy/train/sph/DennisHong_2009X.sph,sph,,DennisHong_2009X,string,,also for search and rescue applications as well five years ago i actually worked at nasa jpl during the summer as a faculty fellow and,string,,a l s o _ f o r _ s e a r c h _ a n d _ r e s c u e _ a p p l i c a t i o n s _ a s _ w e l l _ f i v e _ y e a r s _ a g o _ i _ a c t u a l l y _ w o r k e d _ a t _ n a s a _ j p l _ d u r i n g _ t h e _ s u m m e r _ a s _ a _ f a c u l t y _ f e l l o w _ a n d,string,
61,14718,DennisHong_2009X_56.3_66.67,10.37,56.3,66.67,./ressources/audio/TEDLIUM_release-3/legacy/train/sph/DennisHong_2009X.sph,sph,,DennisHong_2009X,string,,it flips its body one hundred and eighty degrees and it swings its leg between the two legs and catches the fall so that 's how it walks but when you look at us human being bipedal walking what you 're doing ,string,,i t _ f l i p s _ i t s _ b o d y _ o n e _ h u n d r e d _ a n d _ e i g h t y _ d e g r e e s _ a n d _ i t _ s w i n g s _ i t s _ l e g _ b e t w e e n _ t h e _ t w o _ l e g s _ a n d _ c a t c h e s _ t h e _ f a l l _ s o _ t h a t _ ' s _ h o w _ i t _ w a l k s _ b u t _ w h e n _ y o u _ l o o k _ a t _ u s _ h u m a n _ b e i n g _ b i p e d a l _ w a l k i n g _ w h a t _ y o u _ ' r e _ d o i n g _,string,
72,14729,DennisHong_2009X_140.39_149.93,9.54,140.39,149.93,./ressources/audio/TEDLIUM_release-3/legacy/train/sph/DennisHong_2009X.sph,sph,,DennisHong_2009X,string,,aligning the joints and those kinds of things  so we decided to synthesize a mechanical mechanism so we could get rid of all the motors and with a single motor we can coordinate all the,string,,a l i g n i n g _ t h e _ j o i n t s _ a n d _ t h o s e _ k i n d s _ o f _ t h i n g s _ _ s o _ w e _ d e c i d e d _ t o _ s y n t h e s i z e _ a _ m e c h a n i c a l _ m e c h a n i s m _ s o _ w e _ c o u l d _ g e t _ r i d _ o f _ a l l _ t h e _ m o t o r s _ a n d _ w i t h _ a _ s i n g l e _ m o t o r _ w e _ c a n _ c o o r d i n a t e _ a l l _ t h e,string,
131,14788,DennisHong_2009X_606.66_617.21,10.55,606.66,617.21,./ressources/audio/TEDLIUM_release-3/legacy/train/sph/DennisHong_2009X.sph,sph,,DennisHong_2009X,string,,international autonomous robot soccer competition and the goal of robocup the actual goal is by the year two thousand and fifty we want to have full size ,string,,i n t e r n a t i o n a l _ a u t o n o m o u s _ r o b o t _ s o c c e r _ c o m p e t i t i o n _ a n d _ t h e _ g o a l _ o f _ r o b o c u p _ t h e _ a c t u a l _ g o a l _ i s _ b y _ t h e _ y e a r _ t w o _ t h o u s a n d _ a n d _ f i f t y _ w e _ w a n t _ t o _ h a v e _ f u l l _ s i z e _,string,
24,2534,DennisHong_2011_229.87_239.57,9.7,229.87,239.57,./ressources/audio/TEDLIUM_release-3/legacy/train/sph/DennisHong_2011.sph,sph,,DennisHong_2011,string,, gut it out and we rearrange the vibrating elements in different patterns  and we actuate them to convey information about the speed and also instructions how to use the gas and the brake pedal,string,,_ g u t _ i t _ o u t _ a n d _ w e _ r e a r r a n g e _ t h e _ v i b r a t i n g _ e l e m e n t s _ i n _ d i f f e r e n t _ p a t t e r n s _ _ a n d _ w e _ a c t u a t e _ t h e m _ t o _ c o n v e y _ i n f o r m a t i o n _ a b o u t _ t h e _ s p e e d _ a n d _ a l s o _ i n s t r u c t i o n s _ h o w _ t o _ u s e _ t h e _ g a s _ a n d _ t h e _ b r a k e _ p e d a l,string,
102,14759,DennisHong_2009X_357.2_367.51,10.31,357.2,367.51,./ressources/audio/TEDLIUM_release-3/legacy/train/sph/DennisHong_2009X.sph,sph,,DennisHong_2009X,string,,soil sinkage model changes so it tries to adapt its gait to successfully cross over these kind of things and also it does some fun stuff as can imagine we get so many visitors visiting our ,string,,s o i l _ s i n k a g e _ m o d e l _ c h a n g e s _ s o _ i t _ t r i e s _ t o _ a d a p t _ i t s _ g a i t _ t o _ s u c c e s s f u l l y _ c r o s s _ o v e r _ t h e s e _ k i n d _ o f _ t h i n g s _ a n d _ a l s o _ i t _ d o e s _ s o m e _ f u n _ s t u f f _ a s _ c a n _ i m a g i n e _ w e _ g e t _ s o _ m a n y _ v i s i t o r s _ v i s i t i n g _ o u r _,string,
91,14748,DennisHong_2009X_290.01_296.83,6.82,290.01,296.83,./ressources/audio/TEDLIUM_release-3/legacy/train/sph/DennisHong_2009X.sph,sph,,DennisHong_2009X,string,, cliffs  but the current rovers cannot get there so inspired by that we wanted to build a robot that can climb,string,,_ c l i f f s _ _ b u t _ t h e _ c u r r e n t _ r o v e r s _ c a n n o t _ g e t _ t h e r e _ s o _ i n s p i r e d _ b y _ t h a t _ w e _ w a n t e d _ t o _ b u i l d _ a _ r o b o t _ t h a t _ c a n _ c l i m b,string,
52,2562,DennisHong_2011_516.83_525.35,8.52,516.83,525.35,./ressources/audio/TEDLIUM_release-3/legacy/train/sph/DennisHong_2011.sph,sph,,DennisHong_2011,string,,can see what 's written and read using these non visual interfaces  this is priceless  so today the things i 've showed you today,string,,c a n _ s e e _ w h a t _ ' s _ w r i t t e n _ a n d _ r e a d _ u s i n g _ t h e s e _ n o n _ v i s u a l _ i n t e r f a c e s _ _ t h i s _ i s _ p r i c e l e s s _ _ s o _ t o d a y _ t h e _ t h i n g s _ i _ ' v e _ s h o w e d _ y o u _ t o d a y,string,
103,14760,DennisHong_2009X_367.41_376.78,9.37,367.41,376.78,./ressources/audio/TEDLIUM_release-3/legacy/train/sph/DennisHong_2009X.sph,sph,,DennisHong_2009X,string,, lab so when the visitors come mars walks up to the computer starts typing hello my name is mars welcome to romela  the robotics mechanisms laboratory at virginia tech ,string,,_ l a b _ s o _ w h e n _ t h e _ v i s i t o r s _ c o m e _ m a r s _ w a l k s _ u p _ t o _ t h e _ c o m p u t e r _ s t a r t s _ t y p i n g _ h e l l o _ m y _ n a m e _ i s _ m a r s _ w e l c o m e _ t o _ r o m e l a _ _ t h e _ r o b o t i c s _ m e c h a n i s m s _ l a b o r a t o r y _ a t _ v i r g i n i a _ t e c h _,string,
117,14774,DennisHong_2009X_476.15_484.53,8.38,476.15,484.53,./ressources/audio/TEDLIUM_release-3/legacy/train/sph/DennisHong_2009X.sph,sph,,DennisHong_2009X,string,, and this student probably the first time using it but she can articulate it many different ways so for example in iraq you know the war zone there is roadside bombs currently ,string,,_ a n d _ t h i s _ s t u d e n t _ p r o b a b l y _ t h e _ f i r s t _ t i m e _ u s i n g _ i t _ b u t _ s h e _ c a n _ a r t i c u l a t e _ i t _ m a n y _ d i f f e r e n t _ w a y s _ s o _ f o r _ e x a m p l e _ i n _ i r a q _ y o u _ k n o w _ t h e _ w a r _ z o n e _ t h e r e _ i s _ r o a d s i d e _ b o m b s _ c u r r e n t l y _,string,
149,14806,DennisHong_2009X_754.9_757.1,2.2,754.9,757.1,./ressources/audio/TEDLIUM_release-3/legacy/train/sph/DennisHong_2009X.sph,sph,,DennisHong_2009X,string,, and they form these kinds of mechanisms and then i think,string,,_ a n d _ t h e y _ f o r m _ t h e s e _ k i n d s _ o f _ m e c h a n i s m s _ a n d _ t h e n _ i _ t h i n k,string,
158,14815,DennisHong_2009X_830.1_831.59,1.49,830.1,831.59,./ressources/audio/TEDLIUM_release-3/legacy/train/sph/DennisHong_2009X.sph,sph,,DennisHong_2009X,string,,the rule is ,string,,t h e _ r u l e _ i s _,string,
20,2530,DennisHong_2011_200.94_204.09,3.15,200.94,204.09,./ressources/audio/TEDLIUM_release-3/legacy/train/sph/DennisHong_2011.sph,sph,,DennisHong_2011,string,, ping sound system a vibrating vest a,string,,_ p i n g _ s o u n d _ s y s t e m _ a _ v i b r a t i n g _ v e s t _ a,string,
107,14764,DennisHong_2009X_405.05_406.32,1.27,405.05,406.32,./ressources/audio/TEDLIUM_release-3/legacy/train/sph/DennisHong_2009X.sph,sph,,DennisHong_2009X,string,, to something,string,,_ t o _ s o m e t h i n g,string,
1,2511,DennisHong_2011_17.24_23.21,5.97,17.24,23.21,./ressources/audio/TEDLIUM_release-3/legacy/train/sph/DennisHong_2011.sph,sph,,DennisHong_2011,string,,a blind person driving a vehicle safely and independently was thought to be an impossible task,string,,a _ b l i n d _ p e r s o n _ d r i v i n g _ a _ v e h i c l e _ s a f e l y _ a n d _ i n d e p e n d e n t l y _ w a s _ t h o u g h t _ t o _ b e _ a n _ i m p o s s i b l e _ t a s k,string,
99,14756,DennisHong_2009X_330.76_341.05,10.29,330.76,341.05,./ressources/audio/TEDLIUM_release-3/legacy/train/sph/DennisHong_2009X.sph,sph,,DennisHong_2009X,string,,six legged robot called lemur so this is actually based on that this robot is called mars multi appendage robotic system  so it 's a hexapod robot  we developed our adaptive gait planner ,string,,s i x _ l e g g e d _ r o b o t _ c a l l e d _ l e m u r _ s o _ t h i s _ i s _ a c t u a l l y _ b a s e d _ o n _ t h a t _ t h i s _ r o b o t _ i s _ c a l l e d _ m a r s _ m u l t i _ a p p e n d a g e _ r o b o t i c _ s y s t e m _ _ s o _ i t _ ' s _ a _ h e x a p o d _ r o b o t _ _ w e _ d e v e l o p e d _ o u r _ a d a p t i v e _ g a i t _ p l a n n e r _,string,
70,14727,DennisHong_2009X_127.83_131.65,3.82,127.83,131.65,./ressources/audio/TEDLIUM_release-3/legacy/train/sph/DennisHong_2009X.sph,sph,,DennisHong_2009X,string,,so we have two prototypes the first version,string,,s o _ w e _ h a v e _ t w o _ p r o t o t y p e s _ t h e _ f i r s t _ v e r s i o n,string,
164,14821,DennisHong_2009X_860.4_867.67,7.27,860.4,867.67,./ressources/audio/TEDLIUM_release-3/legacy/train/sph/DennisHong_2009X.sph,sph,,DennisHong_2009X,string,,you know  just a spark of idea and development is not good enough there was a great ted moment  i think it was sir,string,,y o u _ k n o w _ _ j u s t _ a _ s p a r k _ o f _ i d e a _ a n d _ d e v e l o p m e n t _ i s _ n o t _ g o o d _ e n o u g h _ t h e r e _ w a s _ a _ g r e a t _ t e d _ m o m e n t _ _ i _ t h i n k _ i t _ w a s _ s i r,string,
79,14736,DennisHong_2009X_188.5_192.63,4.13,188.5,192.63,./ressources/audio/TEDLIUM_release-3/legacy/train/sph/DennisHong_2009X.sph,sph,,DennisHong_2009X,string,,so in this video we 're using an approach called the reactive approach,string,,s o _ i n _ t h i s _ v i d e o _ w e _ ' r e _ u s i n g _ a n _ a p p r o a c h _ c a l l e d _ t h e _ r e a c t i v e _ a p p r o a c h,string,
38,2548,DennisHong_2011_400_422.8,22.8,400.0,422.8,./ressources/audio/TEDLIUM_release-3/legacy/train/sph/DennisHong_2011.sph,sph,,DennisHong_2011,string,,the,string,,t h e,string,
69,14726,DennisHong_2009X_125_127.96,2.96,125.0,127.96,./ressources/audio/TEDLIUM_release-3/legacy/train/sph/DennisHong_2009X.sph,sph,,DennisHong_2009X,string,,can see over obstacles like bushes and those kinds of things,string,,c a n _ s e e _ o v e r _ o b s t a c l e s _ l i k e _ b u s h e s _ a n d _ t h o s e _ k i n d s _ o f _ t h i n g s,string,
5,2515,DennisHong_2011_54.96_65.08,10.12,54.96,65.08,./ressources/audio/TEDLIUM_release-3/legacy/train/sph/DennisHong_2011.sph,sph,,DennisHong_2011,string,, nfb  challenged the research committee about who can develop a car that lets a blind person drive safely and independently  we decided to give it a try because we thought hey how hard could it ,string,,_ n f b _ _ c h a l l e n g e d _ t h e _ r e s e a r c h _ c o m m i t t e e _ a b o u t _ w h o _ c a n _ d e v e l o p _ a _ c a r _ t h a t _ l e t s _ a _ b l i n d _ p e r s o n _ d r i v e _ s a f e l y _ a n d _ i n d e p e n d e n t l y _ _ w e _ d e c i d e d _ t o _ g i v e _ i t _ a _ t r y _ b e c a u s e _ w e _ t h o u g h t _ h e y _ h o w _ h a r d _ c o u l d _ i t _,string,
101,14758,DennisHong_2009X_354.96_357.4,2.44,354.96,357.4,./ressources/audio/TEDLIUM_release-3/legacy/train/sph/DennisHong_2009X.sph,sph,,DennisHong_2009X,string,,size of the sand the foot 's,string,,s i z e _ o f _ t h e _ s a n d _ t h e _ f o o t _ ' s,string,
9,2519,DennisHong_2011_91.38_100.05,8.67,91.38,100.05,./ressources/audio/TEDLIUM_release-3/legacy/train/sph/DennisHong_2011.sph,sph,,DennisHong_2011,string,,and in the summer of two thousand and nine we invited dozens of blind youth from all over the country and gave them a chance to take it for a spin it was an absolutely amazing,string,,a n d _ i n _ t h e _ s u m m e r _ o f _ t w o _ t h o u s a n d _ a n d _ n i n e _ w e _ i n v i t e d _ d o z e n s _ o f _ b l i n d _ y o u t h _ f r o m _ a l l _ o v e r _ t h e _ c o u n t r y _ a n d _ g a v e _ t h e m _ a _ c h a n c e _ t o _ t a k e _ i t _ f o r _ a _ s p i n _ i t _ w a s _ a n _ a b s o l u t e l y _ a m a z i n g,string,
4,2514,DennisHong_2011_40.36_46.32,5.96,40.36,46.32,./ressources/audio/TEDLIUM_release-3/legacy/train/sph/DennisHong_2011.sph,sph,,DennisHong_2011,string,,that can drive itself you press start nobody touches anything and it can reach its destination fully autonomously,string,,t h a t _ c a n _ d r i v e _ i t s e l f _ y o u _ p r e s s _ s t a r t _ n o b o d y _ t o u c h e s _ a n y t h i n g _ a n d _ i t _ c a n _ r e a c h _ i t s _ d e s t i n a t i o n _ f u l l y _ a u t o n o m o u s l y,string,
39,2549,DennisHong_2011_431.7_441.7,10.0,431.7,441.7,./ressources/audio/TEDLIUM_release-3/legacy/train/sph/DennisHong_2011.sph,sph,,DennisHong_2011,string,, so since we started this project we 've been getting hundreds of letters emails phone calls from people from all around the world letters thanking us but sometimes you also get funny letters like this one,string,,_ s o _ s i n c e _ w e _ s t a r t e d _ t h i s _ p r o j e c t _ w e _ ' v e _ b e e n _ g e t t i n g _ h u n d r e d s _ o f _ l e t t e r s _ e m a i l s _ p h o n e _ c a l l s _ f r o m _ p e o p l e _ f r o m _ a l l _ a r o u n d _ t h e _ w o r l d _ l e t t e r s _ t h a n k i n g _ u s _ b u t _ s o m e t i m e s _ y o u _ a l s o _ g e t _ f u n n y _ l e t t e r s _ l i k e _ t h i s _ o n e,string,
139,14796,DennisHong_2009X_690.1_691.95,1.85,690.1,691.95,./ressources/audio/TEDLIUM_release-3/legacy/train/sph/DennisHong_2009X.sph,sph,,DennisHong_2009X,string,,i can also do some jackie,string,,i _ c a n _ a l s o _ d o _ s o m e _ j a c k i e,string,
100,14757,DennisHong_2009X_341_346.48,5.48,341.0,346.48,./ressources/audio/TEDLIUM_release-3/legacy/train/sph/DennisHong_2009X.sph,sph,,DennisHong_2009X,string,, we actually have a very interesting payload on there the students like to have fun and here you can see that it 's walking over,string,,_ w e _ a c t u a l l y _ h a v e _ a _ v e r y _ i n t e r e s t i n g _ p a y l o a d _ o n _ t h e r e _ t h e _ s t u d e n t s _ l i k e _ t o _ h a v e _ f u n _ a n d _ h e r e _ y o u _ c a n _ s e e _ t h a t _ i t _ ' s _ w a l k i n g _ o v e r,string,
22,2532,DennisHong_2011_212.66_224.23,11.57,212.66,224.23,./ressources/audio/TEDLIUM_release-3/legacy/train/sph/DennisHong_2011.sph,sph,,DennisHong_2011,string,,now the first interface is called a drivegrip  so these are a pair of gloves and it has vibrating elements on the knuckle part so you can convey instructions about how to steer the direction and the intensity,string,,n o w _ t h e _ f i r s t _ i n t e r f a c e _ i s _ c a l l e d _ a _ d r i v e g r i p _ _ s o _ t h e s e _ a r e _ a _ p a i r _ o f _ g l o v e s _ a n d _ i t _ h a s _ v i b r a t i n g _ e l e m e n t s _ o n _ t h e _ k n u c k l e _ p a r t _ s o _ y o u _ c a n _ c o n v e y _ i n s t r u c t i o n s _ a b o u t _ h o w _ t o _ s t e e r _ t h e _ d i r e c t i o n _ a n d _ t h e _ i n t e n s i t y,string,
15,2525,DennisHong_2011_161.79_172.55,10.76,161.79,172.55,./ressources/audio/TEDLIUM_release-3/legacy/train/sph/DennisHong_2011.sph,sph,,DennisHong_2011,string,,so all this vast amount of information is then fed into the computer and the computer can do two things one is first of all process this information to have an understanding of the environment ,string,,s o _ a l l _ t h i s _ v a s t _ a m o u n t _ o f _ i n f o r m a t i o n _ i s _ t h e n _ f e d _ i n t o _ t h e _ c o m p u t e r _ a n d _ t h e _ c o m p u t e r _ c a n _ d o _ t w o _ t h i n g s _ o n e _ i s _ f i r s t _ o f _ a l l _ p r o c e s s _ t h i s _ i n f o r m a t i o n _ t o _ h a v e _ a n _ u n d e r s t a n d i n g _ o f _ t h e _ e n v i r o n m e n t _,string,
73,14730,DennisHong_2009X_151.12_159.87,8.75,151.12,159.87,./ressources/audio/TEDLIUM_release-3/legacy/train/sph/DennisHong_2009X.sph,sph,,DennisHong_2009X,string,, solution to a problem instead of using mechatronics so with this now the top body is light enough so it 's walking in our lab this was the very first successful step ,string,,_ s o l u t i o n _ t o _ a _ p r o b l e m _ i n s t e a d _ o f _ u s i n g _ m e c h a t r o n i c s _ s o _ w i t h _ t h i s _ n o w _ t h e _ t o p _ b o d y _ i s _ l i g h t _ e n o u g h _ s o _ i t _ ' s _ w a l k i n g _ i n _ o u r _ l a b _ t h i s _ w a s _ t h e _ v e r y _ f i r s t _ s u c c e s s f u l _ s t e p _,string,
78,14735,DennisHong_2009X_178.61_188.68,10.07,178.61,188.68,./ressources/audio/TEDLIUM_release-3/legacy/train/sph/DennisHong_2009X.sph,sph,,DennisHong_2009X,string,,but the spokes individually move in and out of the hub so it 's a wheel leg hybrid  we are literally re inventing the wheel here  let me demonstrate how it works,string,,b u t _ t h e _ s p o k e s _ i n d i v i d u a l l y _ m o v e _ i n _ a n d _ o u t _ o f _ t h e _ h u b _ s o _ i t _ ' s _ a _ w h e e l _ l e g _ h y b r i d _ _ w e _ a r e _ l i t e r a l l y _ r e _ i n v e n t i n g _ t h e _ w h e e l _ h e r e _ _ l e t _ m e _ d e m o n s t r a t e _ h o w _ i t _ w o r k s,string,
40,2550,DennisHong_2011_441.36_443.98,2.62,441.36,443.98,./ressources/audio/TEDLIUM_release-3/legacy/train/sph/DennisHong_2011.sph,sph,,DennisHong_2011,string,,now i understand why there is braille on a ,string,,n o w _ i _ u n d e r s t a n d _ w h y _ t h e r e _ i s _ b r a i l l e _ o n _ a _,string,
128,14785,DennisHong_2009X_562.1_574.93,12.83,562.1,574.93,./ressources/audio/TEDLIUM_release-3/legacy/train/sph/DennisHong_2009X.sph,sph,,DennisHong_2009X,string,,so in two thousand and six now it 's really time to have fun  let 's give it intelligence  we give it all the computing power it needs a one point five gigahertz pentium m chip two firewire cameras rate gyros accelerometers four force sensors on the foot  lithium,string,,s o _ i n _ t w o _ t h o u s a n d _ a n d _ s i x _ n o w _ i t _ ' s _ r e a l l y _ t i m e _ t o _ h a v e _ f u n _ _ l e t _ ' s _ g i v e _ i t _ i n t e l l i g e n c e _ _ w e _ g i v e _ i t _ a l l _ t h e _ c o m p u t i n g _ p o w e r _ i t _ n e e d s _ a _ o n e _ p o i n t _ f i v e _ g i g a h e r t z _ p e n t i u m _ m _ c h i p _ t w o _ f i r e w i r e _ c a m e r a s _ r a t e _ g y r o s _ a c c e l e r o m e t e r s _ f o u r _ f o r c e _ s e n s o r s _ o n _ t h e _ f o o t _ _ l i t h i u m,string,
18,2528,DennisHong_2011_194.24_199.03,4.79,194.24,199.03,./ressources/audio/TEDLIUM_release-3/legacy/train/sph/DennisHong_2011.sph,sph,,DennisHong_2011,string,,so for this we developed many different types of non visual user interface technology,string,,s o _ f o r _ t h i s _ w e _ d e v e l o p e d _ m a n y _ d i f f e r e n t _ t y p e s _ o f _ n o n _ v i s u a l _ u s e r _ i n t e r f a c e _ t e c h n o l o g y,string,
0,2510,DennisHong_2011_12.79_17.24,4.45,12.79,17.24,./ressources/audio/TEDLIUM_release-3/legacy/train/sph/DennisHong_2011.sph,sph,,DennisHong_2011,string,, many believe driving is an activity solely reserved for those who can see,string,,_ m a n y _ b e l i e v e _ d r i v i n g _ i s _ a n _ a c t i v i t y _ s o l e l y _ r e s e r v e d _ f o r _ t h o s e _ w h o _ c a n _ s e e,string,
80,14737,DennisHong_2009X_192.63_199.9,7.27,192.63,199.9,./ressources/audio/TEDLIUM_release-3/legacy/train/sph/DennisHong_2009X.sph,sph,,DennisHong_2009X,string,,just simply using the tactile sensors on the feet  it 's trying to walk over a changing terrain a soft terrain where it,string,,j u s t _ s i m p l y _ u s i n g _ t h e _ t a c t i l e _ s e n s o r s _ o n _ t h e _ f e e t _ _ i t _ ' s _ t r y i n g _ t o _ w a l k _ o v e r _ a _ c h a n g i n g _ t e r r a i n _ a _ s o f t _ t e r r a i n _ w h e r e _ i t,string,
2,2512,DennisHong_2011_22.81_29.91,7.1,22.81,29.91,./ressources/audio/TEDLIUM_release-3/legacy/train/sph/DennisHong_2011.sph,sph,,DennisHong_2011,string,,until now hello my name is dennis hong  and we 're bringing freedom and independence to the blind by building a vehicle for the visually impaired,string,,u n t i l _ n o w _ h e l l o _ m y _ n a m e _ i s _ d e n n i s _ h o n g _ _ a n d _ w e _ ' r e _ b r i n g i n g _ f r e e d o m _ a n d _ i n d e p e n d e n c e _ t o _ t h e _ b l i n d _ b y _ b u i l d i n g _ a _ v e h i c l e _ f o r _ t h e _ v i s u a l l y _ i m p a i r e d,string,
81,14738,DennisHong_2009X_201.42_211.07,9.65,201.42,211.07,./ressources/audio/TEDLIUM_release-3/legacy/train/sph/DennisHong_2009X.sph,sph,,DennisHong_2009X,string,, just by the tactile information it successfully crosses over these type of terrain  but when it encounters a very extreme terrain  in this case,string,,_ j u s t _ b y _ t h e _ t a c t i l e _ i n f o r m a t i o n _ i t _ s u c c e s s f u l l y _ c r o s s e s _ o v e r _ t h e s e _ t y p e _ o f _ t e r r a i n _ _ b u t _ w h e n _ i t _ e n c o u n t e r s _ a _ v e r y _ e x t r e m e _ t e r r a i n _ _ i n _ t h i s _ c a s e,string,
142,14799,DennisHong_2009X_700.61_706.86,6.25,700.61,706.86,./ressources/audio/TEDLIUM_release-3/legacy/train/sph/DennisHong_2009X.sph,sph,,DennisHong_2009X,string,, be able to see it in the lobby we truly believe this is going to be the very first running humanoid robot in the united states so  stay tuned all,string,,_ b e _ a b l e _ t o _ s e e _ i t _ i n _ t h e _ l o b b y _ w e _ t r u l y _ b e l i e v e _ t h i s _ i s _ g o i n g _ t o _ b e _ t h e _ v e r y _ f i r s t _ r u n n i n g _ h u m a n o i d _ r o b o t _ i n _ t h e _ u n i t e d _ s t a t e s _ s o _ _ s t a y _ t u n e d _ a l l,string,
136,14793,DennisHong_2009X_655.1_666.28,11.18,655.1,666.28,./ressources/audio/TEDLIUM_release-3/legacy/train/sph/DennisHong_2009X.sph,sph,,DennisHong_2009X,string,,competition event  what you see over here  this is the beautiful louis vuitton cup trophy so this is for the best humanoid and we would like to bring this for the very first time to the united states next year so wish us luck thank,string,,c o m p e t i t i o n _ e v e n t _ _ w h a t _ y o u _ s e e _ o v e r _ h e r e _ _ t h i s _ i s _ t h e _ b e a u t i f u l _ l o u i s _ v u i t t o n _ c u p _ t r o p h y _ s o _ t h i s _ i s _ f o r _ t h e _ b e s t _ h u m a n o i d _ a n d _ w e _ w o u l d _ l i k e _ t o _ b r i n g _ t h i s _ f o r _ t h e _ v e r y _ f i r s t _ t i m e _ t o _ t h e _ u n i t e d _ s t a t e s _ n e x t _ y e a r _ s o _ w i s h _ u s _ l u c k _ t h a n k,string,
162,14819,DennisHong_2009X_855.61_857.46,1.85,855.61,857.46,./ressources/audio/TEDLIUM_release-3/legacy/train/sph/DennisHong_2009X.sph,sph,,DennisHong_2009X,string,,develop our ideas ,string,,d e v e l o p _ o u r _ i d e a s _,string,
31,2541,DennisHong_2011_298.43_299.86,1.43,298.43,299.86,./ressources/audio/TEDLIUM_release-3/legacy/train/sph/DennisHong_2011.sph,sph,,DennisHong_2011,string,,user interface,string,,u s e r _ i n t e r f a c e,string,
64,14721,DennisHong_2009X_81.92_91.94,10.02,81.92,91.94,./ressources/audio/TEDLIUM_release-3/legacy/train/sph/DennisHong_2009X.sph,sph,,DennisHong_2009X,string,,we call that the concept of passive dynamic locomotion  what you 're doing is when you stand up potential energy to kinetic energy  potential energy to kinetic energy,string,,w e _ c a l l _ t h a t _ t h e _ c o n c e p t _ o f _ p a s s i v e _ d y n a m i c _ l o c o m o t i o n _ _ w h a t _ y o u _ ' r e _ d o i n g _ i s _ w h e n _ y o u _ s t a n d _ u p _ p o t e n t i a l _ e n e r g y _ t o _ k i n e t i c _ e n e r g y _ _ p o t e n t i a l _ e n e r g y _ t o _ k i n e t i c _ e n e r g y,string,
140,14797,DennisHong_2009X_693.06_695,1.94,693.06,695.0,./ressources/audio/TEDLIUM_release-3/legacy/train/sph/DennisHong_2009X.sph,sph,,DennisHong_2009X,string,,martial art movements,string,,m a r t i a l _ a r t _ m o v e m e n t s,string,
8,2518,DennisHong_2011_84.76_91.62,6.86,84.76,91.62,./ressources/audio/TEDLIUM_release-3/legacy/train/sph/DennisHong_2011.sph,sph,,DennisHong_2011,string,,so to test this crazy idea  we developed a small dune buggy prototype vehicle to test the feasibility,string,,s o _ t o _ t e s t _ t h i s _ c r a z y _ i d e a _ _ w e _ d e v e l o p e d _ a _ s m a l l _ d u n e _ b u g g y _ p r o t o t y p e _ v e h i c l e _ t o _ t e s t _ t h e _ f e a s i b i l i t y,string,
156,14813,DennisHong_2009X_812.05_820.91,8.86,812.05,820.91,./ressources/audio/TEDLIUM_release-3/legacy/train/sph/DennisHong_2009X.sph,sph,,DennisHong_2009X,string,,but just a spark of imagination is not good enough how do we develop these kinds of ideas  at our lab romela the robotics and mechanisms laboratory we have these,string,,b u t _ j u s t _ a _ s p a r k _ o f _ i m a g i n a t i o n _ i s _ n o t _ g o o d _ e n o u g h _ h o w _ d o _ w e _ d e v e l o p _ t h e s e _ k i n d s _ o f _ i d e a s _ _ a t _ o u r _ l a b _ r o m e l a _ t h e _ r o b o t i c s _ a n d _ m e c h a n i s m s _ l a b o r a t o r y _ w e _ h a v e _ t h e s e,string,
118,14775,DennisHong_2009X_486.04_491.81,5.77,486.04,491.81,./ressources/audio/TEDLIUM_release-3/legacy/train/sph/DennisHong_2009X.sph,sph,,DennisHong_2009X,string,,remotely controlled vehicles that are armed  it takes really a lot of time and it 's expensive to train the operator to,string,,r e m o t e l y _ c o n t r o l l e d _ v e h i c l e s _ t h a t _ a r e _ a r m e d _ _ i t _ t a k e s _ r e a l l y _ a _ l o t _ o f _ t i m e _ a n d _ i t _ ' s _ e x p e n s i v e _ t o _ t r a i n _ t h e _ o p e r a t o r _ t o,string,
154,14811,DennisHong_2009X_793.52_799.77,6.25,793.52,799.77,./ressources/audio/TEDLIUM_release-3/legacy/train/sph/DennisHong_2009X.sph,sph,,DennisHong_2009X,string,, to my home office sit at my computer i type in the ideas i sketch things out and i keep a database of ideas ,string,,_ t o _ m y _ h o m e _ o f f i c e _ s i t _ a t _ m y _ c o m p u t e r _ i _ t y p e _ i n _ t h e _ i d e a s _ i _ s k e t c h _ t h i n g s _ o u t _ a n d _ i _ k e e p _ a _ d a t a b a s e _ o f _ i d e a s _,string,
65,14722,DennisHong_2009X_91.57_104.97,13.4,91.57,104.97,./ressources/audio/TEDLIUM_release-3/legacy/train/sph/DennisHong_2009X.sph,sph,,DennisHong_2009X,string,,it 's a constantly falling process so  even though there is nothing in nature that looks like this really we were inspired by biology and applying the principles of walking to this robot thus it 's a biologically inspired robot  what you see over,string,,i t _ ' s _ a _ c o n s t a n t l y _ f a l l i n g _ p r o c e s s _ s o _ _ e v e n _ t h o u g h _ t h e r e _ i s _ n o t h i n g _ i n _ n a t u r e _ t h a t _ l o o k s _ l i k e _ t h i s _ r e a l l y _ w e _ w e r e _ i n s p i r e d _ b y _ b i o l o g y _ a n d _ a p p l y i n g _ t h e _ p r i n c i p l e s _ o f _ w a l k i n g _ t o _ t h i s _ r o b o t _ t h u s _ i t _ ' s _ a _ b i o l o g i c a l l y _ i n s p i r e d _ r o b o t _ _ w h a t _ y o u _ s e e _ o v e r,string,
110,14767,DennisHong_2009X_417.31_425.05,7.74,417.31,425.05,./ressources/audio/TEDLIUM_release-3/legacy/train/sph/DennisHong_2009X.sph,sph,,DennisHong_2009X,string,,there are a lot of really neat very good robotic hands out there in the market the problem is they 're just too expensive tens of thousands of dollars  so,string,,t h e r e _ a r e _ a _ l o t _ o f _ r e a l l y _ n e a t _ v e r y _ g o o d _ r o b o t i c _ h a n d s _ o u t _ t h e r e _ i n _ t h e _ m a r k e t _ t h e _ p r o b l e m _ i s _ t h e y _ ' r e _ j u s t _ t o o _ e x p e n s i v e _ t e n s _ o f _ t h o u s a n d s _ o f _ d o l l a r s _ _ s o,string,
49,2559,DennisHong_2011_500_507.28,7.28,500.0,507.28,./ressources/audio/TEDLIUM_release-3/legacy/train/sph/DennisHong_2011.sph,sph,,DennisHong_2011,string,,fog and rain and together with this new type of interfaces  we can use these technologies and apply them to safer cars for sighted people,string,,f o g _ a n d _ r a i n _ a n d _ t o g e t h e r _ w i t h _ t h i s _ n e w _ t y p e _ o f _ i n t e r f a c e s _ _ w e _ c a n _ u s e _ t h e s e _ t e c h n o l o g i e s _ a n d _ a p p l y _ t h e m _ t o _ s a f e r _ c a r s _ f o r _ s i g h t e d _ p e o p l e,string,
16,2526,DennisHong_2011_172.5_177.3,4.8,172.5,177.3,./ressources/audio/TEDLIUM_release-3/legacy/train/sph/DennisHong_2011.sph,sph,,DennisHong_2011,string,,these are the lanes of the road there 's the obstacles and convey this information to the driver,string,,t h e s e _ a r e _ t h e _ l a n e s _ o f _ t h e _ r o a d _ t h e r e _ ' s _ t h e _ o b s t a c l e s _ a n d _ c o n v e y _ t h i s _ i n f o r m a t i o n _ t o _ t h e _ d r i v e r,string,
134,14791,DennisHong_2009X_634.09_637.09,3.0,634.09,637.09,./ressources/audio/TEDLIUM_release-3/legacy/train/sph/DennisHong_2009X.sph,sph,,DennisHong_2009X,string,,robocup competition  this is this year,string,,r o b o c u p _ c o m p e t i t i o n _ _ t h i s _ i s _ t h i s _ y e a r,string,
95,14752,DennisHong_2009X_307.17_316.56,9.39,307.17,316.56,./ressources/audio/TEDLIUM_release-3/legacy/train/sph/DennisHong_2009X.sph,sph,,DennisHong_2009X,string,,and then once it figures that out in real time it calculates the force distribution how much force it needs to exert to the surface so it doesn 't tip and doesn 't slip ,string,,a n d _ t h e n _ o n c e _ i t _ f i g u r e s _ t h a t _ o u t _ i n _ r e a l _ t i m e _ i t _ c a l c u l a t e s _ t h e _ f o r c e _ d i s t r i b u t i o n _ h o w _ m u c h _ f o r c e _ i t _ n e e d s _ t o _ e x e r t _ t o _ t h e _ s u r f a c e _ s o _ i t _ d o e s n _ ' t _ t i p _ a n d _ d o e s n _ ' t _ s l i p _,string,
75,14732,DennisHong_2009X_164.74_172.31,7.57,164.74,172.31,./ressources/audio/TEDLIUM_release-3/legacy/train/sph/DennisHong_2009X.sph,sph,,DennisHong_2009X,string,,the second robot i want to talk about is called impass  it stands for intelligent mobility platform with actuated spoke system,string,,t h e _ s e c o n d _ r o b o t _ i _ w a n t _ t o _ t a l k _ a b o u t _ i s _ c a l l e d _ i m p a s s _ _ i t _ s t a n d s _ f o r _ i n t e l l i g e n t _ m o b i l i t y _ p l a t f o r m _ w i t h _ a c t u a t e d _ s p o k e _ s y s t e m,string,
132,14789,DennisHong_2009X_617.16_623.33,6.17,617.16,623.33,./ressources/audio/TEDLIUM_release-3/legacy/train/sph/DennisHong_2009X.sph,sph,,DennisHong_2009X,string,,autonomous humanoid robots play soccer against the human world cup champions and win ,string,,a u t o n o m o u s _ h u m a n o i d _ r o b o t s _ p l a y _ s o c c e r _ a g a i n s t _ t h e _ h u m a n _ w o r l d _ c u p _ c h a m p i o n s _ a n d _ w i n _,string,
138,14795,DennisHong_2009X_679.84_689.36,9.52,679.84,689.36,./ressources/audio/TEDLIUM_release-3/legacy/train/sph/DennisHong_2009X.sph,sph,,DennisHong_2009X,string,, next generation robot darwin iv but smarter  faster stronger  and it 's trying to show off its ability i 'm macho i 'm strong,string,,_ n e x t _ g e n e r a t i o n _ r o b o t _ d a r w i n _ i v _ b u t _ s m a r t e r _ _ f a s t e r _ s t r o n g e r _ _ a n d _ i t _ ' s _ t r y i n g _ t o _ s h o w _ o f f _ i t s _ a b i l i t y _ i _ ' m _ m a c h o _ i _ ' m _ s t r o n g,string,
45,2555,DennisHong_2011_471.6_479.97,8.37,471.6,479.97,./ressources/audio/TEDLIUM_release-3/legacy/train/sph/DennisHong_2011.sph,sph,,DennisHong_2011,string,,but still will the society  would they accept such a radical idea how are we going to handle insurance how are we going to issue driver 's licenses,string,,b u t _ s t i l l _ w i l l _ t h e _ s o c i e t y _ _ w o u l d _ t h e y _ a c c e p t _ s u c h _ a _ r a d i c a l _ i d e a _ h o w _ a r e _ w e _ g o i n g _ t o _ h a n d l e _ i n s u r a n c e _ h o w _ a r e _ w e _ g o i n g _ t o _ i s s u e _ d r i v e r _ ' s _ l i c e n s e s,string,
148,14805,DennisHong_2009X_746.37_754.67,8.3,746.37,754.67,./ressources/audio/TEDLIUM_release-3/legacy/train/sph/DennisHong_2009X.sph,sph,,DennisHong_2009X,string,,at night when i go to bed three four a m in the morning  i lie down close my eyes and i see these lines and circles and different shapes floating around and they assemble,string,,a t _ n i g h t _ w h e n _ i _ g o _ t o _ b e d _ t h r e e _ f o u r _ a _ m _ i n _ t h e _ m o r n i n g _ _ i _ l i e _ d o w n _ c l o s e _ m y _ e y e s _ a n d _ i _ s e e _ t h e s e _ l i n e s _ a n d _ c i r c l e s _ a n d _ d i f f e r e n t _ s h a p e s _ f l o a t i n g _ a r o u n d _ a n d _ t h e y _ a s s e m b l e,string,
41,2551,DennisHong_2011_446.37_448.75,2.38,446.37,448.75,./ressources/audio/TEDLIUM_release-3/legacy/train/sph/DennisHong_2011.sph,sph,,DennisHong_2011,string,,but sometimes,string,,b u t _ s o m e t i m e s,string,
93,14750,DennisHong_2009X_301.56_304.58,3.02,301.56,304.58,./ressources/audio/TEDLIUM_release-3/legacy/train/sph/DennisHong_2009X.sph,sph,,DennisHong_2009X,string,,difficult to see but it has a winch and a cable at the top and,string,,d i f f i c u l t _ t o _ s e e _ b u t _ i t _ h a s _ a _ w i n c h _ a n d _ a _ c a b l e _ a t _ t h e _ t o p _ a n d,string,
90,14747,DennisHong_2009X_279.96_290.11,10.15,279.96,290.11,./ressources/audio/TEDLIUM_release-3/legacy/train/sph/DennisHong_2009X.sph,sph,,DennisHong_2009X,string,, nasa jpl scientists at jpl they are famous for the mars rovers and the scientists geologists always tell me that the real interesting science the science rich sites are always at the ,string,,_ n a s a _ j p l _ s c i e n t i s t s _ a t _ j p l _ t h e y _ a r e _ f a m o u s _ f o r _ t h e _ m a r s _ r o v e r s _ a n d _ t h e _ s c i e n t i s t s _ g e o l o g i s t s _ a l w a y s _ t e l l _ m e _ t h a t _ t h e _ r e a l _ i n t e r e s t i n g _ s c i e n c e _ t h e _ s c i e n c e _ r i c h _ s i t e s _ a r e _ a l w a y s _ a t _ t h e _,string,
88,14745,DennisHong_2009X_248.77_253.23,4.46,248.77,253.23,./ressources/audio/TEDLIUM_release-3/legacy/train/sph/DennisHong_2009X.sph,sph,,DennisHong_2009X,string,,wheeled robots they use a method called differential steering where the left and right wheel,string,,w h e e l e d _ r o b o t s _ t h e y _ u s e _ a _ m e t h o d _ c a l l e d _ d i f f e r e n t i a l _ s t e e r i n g _ w h e r e _ t h e _ l e f t _ a n d _ r i g h t _ w h e e l,string,
121,14778,DennisHong_2009X_506.25_512.14,5.89,506.25,512.14,./ressources/audio/TEDLIUM_release-3/legacy/train/sph/DennisHong_2009X.sph,sph,,DennisHong_2009X,string,,now  this robot is currently our star robot we actually have a fan club for the robot darwin,string,,n o w _ _ t h i s _ r o b o t _ i s _ c u r r e n t l y _ o u r _ s t a r _ r o b o t _ w e _ a c t u a l l y _ h a v e _ a _ f a n _ c l u b _ f o r _ t h e _ r o b o t _ d a r w i n,string,
74,14731,DennisHong_2009X_159.87_164.63,4.76,159.87,164.63,./ressources/audio/TEDLIUM_release-3/legacy/train/sph/DennisHong_2009X.sph,sph,,DennisHong_2009X,string,,it 's still not perfected its coffee falls down so we still have a lot of work to do,string,,i t _ ' s _ s t i l l _ n o t _ p e r f e c t e d _ i t s _ c o f f e e _ f a l l s _ d o w n _ s o _ w e _ s t i l l _ h a v e _ a _ l o t _ o f _ w o r k _ t o _ d o,string,
108,14765,DennisHong_2009X_405.83_408.24,2.41,405.83,408.24,./ressources/audio/TEDLIUM_release-3/legacy/train/sph/DennisHong_2009X.sph,sph,,DennisHong_2009X,string,,and just like magic it,string,,a n d _ j u s t _ l i k e _ m a g i c _ i t,string,
96,14753,DennisHong_2009X_316.56_321.68,5.12,316.56,321.68,./ressources/audio/TEDLIUM_release-3/legacy/train/sph/DennisHong_2009X.sph,sph,,DennisHong_2009X,string,,once it stabilizes that it lifts a foot  and then with the winch it can climb up these kinds of thing,string,,o n c e _ i t _ s t a b i l i z e s _ t h a t _ i t _ l i f t s _ a _ f o o t _ _ a n d _ t h e n _ w i t h _ t h e _ w i n c h _ i t _ c a n _ c l i m b _ u p _ t h e s e _ k i n d s _ o f _ t h i n g,string,
137,14794,DennisHong_2009X_670.53_677.15,6.62,670.53,677.15,./ressources/audio/TEDLIUM_release-3/legacy/train/sph/DennisHong_2009X.sph,sph,,DennisHong_2009X,string,,darwin also has a lot of other talents last year it actually conducted the roanoke symphony orchestra for the,string,,d a r w i n _ a l s o _ h a s _ a _ l o t _ o f _ o t h e r _ t a l e n t s _ l a s t _ y e a r _ i t _ a c t u a l l y _ c o n d u c t e d _ t h e _ r o a n o k e _ s y m p h o n y _ o r c h e s t r a _ f o r _ t h e,string,
105,14762,DennisHong_2009X_380.17_394.82,14.65,380.17,394.82,./ressources/audio/TEDLIUM_release-3/legacy/train/sph/DennisHong_2009X.sph,sph,,DennisHong_2009X,string,, robot now we don 't have enough time to go into technical details i 'll just show you some of the experiments so this is some of the early feasibility experiments  we store potential energy to the elastic skin to make it move or use an active tension cords to make it move forward and backward it,string,,_ r o b o t _ n o w _ w e _ d o n _ ' t _ h a v e _ e n o u g h _ t i m e _ t o _ g o _ i n t o _ t e c h n i c a l _ d e t a i l s _ i _ ' l l _ j u s t _ s h o w _ y o u _ s o m e _ o f _ t h e _ e x p e r i m e n t s _ s o _ t h i s _ i s _ s o m e _ o f _ t h e _ e a r l y _ f e a s i b i l i t y _ e x p e r i m e n t s _ _ w e _ s t o r e _ p o t e n t i a l _ e n e r g y _ t o _ t h e _ e l a s t i c _ s k i n _ t o _ m a k e _ i t _ m o v e _ o r _ u s e _ a n _ a c t i v e _ t e n s i o n _ c o r d s _ t o _ m a k e _ i t _ m o v e _ f o r w a r d _ a n d _ b a c k w a r d _ i t,string,
